sample_id,method,dataset,reference_summary,generated_summary,processing_time,cost,rouge1_precision,rouge1_recall,rouge1_f1,rouge2_precision,rouge2_recall,rouge2_f1,rougeL_precision,rougeL_recall,rougeL_f1,bert_precision,bert_recall,bert_f1
0,distilbart,callsum,"Criteo delivered strong Q1 2024 results, with revenue of $450 million and contribution ex-TAC growing 17% year-over-year at constant currency to $254 million. This growth was driven by impressive performance in both the Retail Media and Performance Media segments. Adjusted EBITDA surged 83% to $71 million, reflecting effective cost management. The company raised its full-year guidance, projecting high single-digit growth in contribution ex-TAC and an adjusted EBITDA margin of approximately 31%.
Operationally, Criteo continued to solidify its position as a leader in retail media and performance advertising. The Retail Media segment saw contribution ex-TAC increase 34% at constant currency, fueled by new retailer additions and growth from existing clients. Performance Media also showed strength, with contribution ex-TAC rising 13% and commerce audiences targeting growing 54%. Criteo expanded its global footprint through key partnerships with Walmart Connect in Latin America and new retailers in the U.S. and APAC.
Management emphasized Criteo's competitive advantages, including its extensive retailer and brand network, end-to-end capabilities, AI-driven performance, and domain expertise. The company is investing heavily in AI and machine learning to enhance ad performance and is exploring generative AI applications. Criteo is also proactively preparing for the post-cookie advertising landscape through next-gen addressability strategies.
Despite the strong results, Criteo faces some challenges. A key retailer client's transition to a direct sales model for large brands is expected to impact growth. However, management remains confident in the overall strength of the Retail Media business. Google's delay in deprecating third-party cookies is seen as reducing near-term risk and providing potential upside in 2024."," Chief Executive Officer Megan Clarken and Chief Financial Officer Sarah Glickman will discuss some prepared remarks . Todd Parsons, our Chief Product Officer, will join us for the Q&A session . You will find our investor presentation on our IR website now as well as our prepared remarks and transcript after the call .",6.667375802993774,0.0,0.19230769230769232,0.036231884057971016,0.06097560975609757,0.0196078431372549,0.0036363636363636364,0.006134969325153374,0.1346153846153846,0.025362318840579712,0.042682926829268296,0.7766221165657043,0.7814027667045593,0.7790051102638245
1,distilbart,callsum,"Tripadvisor reported solid Q1 2024 results, with revenue growing 6% year-over-year to $395 million and adjusted EBITDA margins expanding 300 basis points to 12%. The company saw progress across its segments, with Viator and TheFork delivering strong revenue growth and margin improvements, while Brand Tripadvisor focused on driving engagement and diversifying monetization.
Management struck a more cautious tone for the remainder of the year. Q2 consolidated revenue is expected to be flat to up slightly, with Brand Tripadvisor revenue declining high single digits, Viator growth stepping down, and TheFork growth slowing. For the full year, Tripadvisor now expects low-to-mid single digit consolidated revenue growth and flat to low single digit adjusted EBITDA growth, with Brand Tripadvisor expected to decline and Viator and TheFork seeing lower growth than 2023.
The company continues to execute on its strategic initiatives, with Brand Tripadvisor focused on becoming more engagement-led, Viator balancing growth and profitability, and TheFork driving value to diners and restaurants. Management remains confident in the long-term opportunities but acknowledges 2024 will be a transition year, with improved financial performance expected in 2025."," Matt Goldberg, President and CEO, and Mike Noonan, CFO, will discuss Tripadvisor's first quarter 2024 financial results . Matt Goldberg: We delivered revenue of $240 million, a decline of 2% and adjusted EBITDA of $78 million or 33% of revenue .",6.092782020568848,0.0,0.425,0.0913978494623656,0.1504424778761062,0.05128205128205128,0.010810810810810811,0.017857142857142856,0.25,0.053763440860215055,0.08849557522123894,0.8726620674133301,0.822834849357605,0.8470162749290466
