sample_id,method,dataset,reference_summary,generated_summary,processing_time,cost,rouge1_precision,rouge1_recall,rouge1_f1,rouge2_precision,rouge2_recall,rouge2_f1,rougeL_precision,rougeL_recall,rougeL_f1,bert_precision,bert_recall,bert_f1
0,tfidfrank,callsum,"Criteo delivered strong Q1 2024 results, with revenue of $450 million and contribution ex-TAC growing 17% year-over-year at constant currency to $254 million. This growth was driven by impressive performance in both the Retail Media and Performance Media segments. Adjusted EBITDA surged 83% to $71 million, reflecting effective cost management. The company raised its full-year guidance, projecting high single-digit growth in contribution ex-TAC and an adjusted EBITDA margin of approximately 31%.
Operationally, Criteo continued to solidify its position as a leader in retail media and performance advertising. The Retail Media segment saw contribution ex-TAC increase 34% at constant currency, fueled by new retailer additions and growth from existing clients. Performance Media also showed strength, with contribution ex-TAC rising 13% and commerce audiences targeting growing 54%. Criteo expanded its global footprint through key partnerships with Walmart Connect in Latin America and new retailers in the U.S. and APAC.
Management emphasized Criteo's competitive advantages, including its extensive retailer and brand network, end-to-end capabilities, AI-driven performance, and domain expertise. The company is investing heavily in AI and machine learning to enhance ad performance and is exploring generative AI applications. Criteo is also proactively preparing for the post-cookie advertising landscape through next-gen addressability strategies.
Despite the strong results, Criteo faces some challenges. A key retailer client's transition to a direct sales model for large brands is expected to impact growth. However, management remains confident in the overall strength of the Retail Media business. Google's delay in deprecating third-party cookies is seen as reducing near-term risk and providing potential upside in 2024.","In Performance Media, revenue was $399 million, and contribution ex TAC was $204 million, up 13% at constant currency. Again, this quarter, we saw impressive growth in commerce audiences targeting up 54% year-on-year and representing 20% of our overall contribution ex TAC, as we leverage our large-scale commerce data and [ AI our ] powered audience modeling technology to find in-market shoppers. In Retail Media, while we are still early in the year, given our Q1 performance, we are confident in our ability to deliver contribution ex TAC of 20% at constant currency in 2024.",0.026263952255249023,0.0,0.6185567010309279,0.21739130434782608,0.32171581769436997,0.21875,0.07636363636363637,0.11320754716981132,0.30927835051546393,0.10869565217391304,0.16085790884718498,0.8836398124694824,0.8419373631477356,0.8622847199440002
1,tfidfrank,callsum,"Tripadvisor reported solid Q1 2024 results, with revenue growing 6% year-over-year to $395 million and adjusted EBITDA margins expanding 300 basis points to 12%. The company saw progress across its segments, with Viator and TheFork delivering strong revenue growth and margin improvements, while Brand Tripadvisor focused on driving engagement and diversifying monetization.
Management struck a more cautious tone for the remainder of the year. Q2 consolidated revenue is expected to be flat to up slightly, with Brand Tripadvisor revenue declining high single digits, Viator growth stepping down, and TheFork growth slowing. For the full year, Tripadvisor now expects low-to-mid single digit consolidated revenue growth and flat to low single digit adjusted EBITDA growth, with Brand Tripadvisor expected to decline and Viator and TheFork seeing lower growth than 2023.
The company continues to execute on its strategic initiatives, with Brand Tripadvisor focused on becoming more engagement-led, Viator balancing growth and profitability, and TheFork driving value to diners and restaurants. Management remains confident in the long-term opportunities but acknowledges 2024 will be a transition year, with improved financial performance expected in 2025.","Revenue was $395 million, reflecting year-over-year growth of 6% and adjusted EBITDA was $47 million or 12% of revenue. We started the year with a solid quarter with revenue of $395 million, reflecting growth of 6%, adjusted EBITDA was $47 million or 12% of revenue and 300 basis points higher than last year. Not including this impact, G&A was down by approximately 100 basis points year-over-year due to lower people costs at Brand Tripadvisor.",0.022825241088867188,0.0,0.4810126582278481,0.20430107526881722,0.28679245283018867,0.15384615384615385,0.06486486486486487,0.09125475285171103,0.26582278481012656,0.11290322580645161,0.15849056603773584,0.8829748630523682,0.83575439453125,0.8587160110473633
